<?xml version="1.0" encoding="UTF-8"?>
<!DOCTYPE xml>
<c3p0-config>
  <named-config name="mysql"> 
  	<!-- 连接myslq数据库的基本必须的信息的配置 -->
  	<property name="driverClass">com.mysql.jdbc.Driver</property>
  	<property name="jdbcUrl">jdbc:mysql://localhost:3306/dtudb</property>
  	<property name="user">root</property>
  	<property name="password">root</property>
  
    <!-- 若数据库中的连接数量不足的时候,向数据库申请的连接数量 -->
    <property name="acquireIncrement">5</property>
    <!-- 初始化数据库连接池时连接的数量 -->
    <property name="initialPoolSize">10</property>
    <!-- 数据库连接池中的最小的数据库连接数 -->
    <property name="minPoolSize">5</property>
    <!-- 数据库连接池中的最大的数据库连接数 -->
    <property name="maxPoolSize">100</property>
	<!-- C3P0数据库连接池可以维护的Statement数量 -->
    <property name="maxStatements">2</property> 
    <!-- 每个连接同时可以使用Statement的数量 -->
    <property name="maxStatementsPerConnection">5</property>

  </named-config>
</c3p0-config>